time,open,high,low,close,volume
2026-10-05T10:00:00+00:00,4155.14,4158.47,4149.25,4155.67,4905
2026-10-05T10:15:00+00:00,4155.68,4156.68,4150.54,4152.91,4282
2026-10-05T10:30:00+00:00,4152.91,4159.15,4150.95,4158.99,4309
2026-10-05T10:45:00+00:00,4159.15,4166.09,4157.63,4160.28,4594
2026-10-05T11:00:00+00:00,4160.28,4169.08,4158.88,4168.35,5321
2026-10-05T11:15:00+00:00,4168.35,4170.32,4165.42,4165.75,4599
2026-10-05T11:30:00+00:00,4165.73,4167.28,4161.49,4162.00,4802
2026-10-05T11:45:00+00:00,4162.00,4169.76,4159.69,4166.59,4708
2026-10-05T12:00:00+00:00,4166.59,4169.03,4165.18,4166.41,3129
2026-10-05T12:15:00+00:00,4166.41,4169.70,4165.15,4165.77,3425
2026-10-05T12:30:00+00:00,4165.73,4166.48,4158.77,4159.16,3099
2026-10-05T12:45:00+00:00,4159.10,4159.65,4155.80,4158.41,2831
2026-10-05T13:00:00+00:00,4158.38,4159.18,4156.00,4158.60,3127
2026-10-05T13:15:00+00:00,4158.56,4159.04,4155.55,4157.62,3100
2026-10-05T13:30:00+00:00,4157.70,4159.16,4156.69,4156.93,2742
2026-10-05T13:45:00+00:00,4156.93,4164.97,4156.52,4161.75,3653
2026-10-05T14:00:00+00:00,4161.77,4161.91,4158.49,4160.75,3054
2026-10-05T14:15:00+00:00,4160.75,4166.92,4159.11,4166.92,3848
2026-10-05T14:30:00+00:00,4166.88,4168.36,4154.17,4154.29,3751
2026-10-05T14:45:00+00:00,4154.49,4156.50,4150.84,4156.01,3700
2026-10-05T15:00:00+00:00,4156.06,4158.97,4153.92,4156.81,3803
2026-10-05T15:15:00+00:00,4156.80,4163.61,4153.51,4163.49,4157
2026-10-05T15:30:00+00:00,4163.49,4166.15,4160.26,4160.84,3868
2026-10-05T15:45:00+00:00,4160.84,4162.74,4154.55,4156.49,4807
